registration_region,month,clients,fines_2025,fines_2026,fuel_orders,fuel_volume_l,fuel_price_median,fines_per_client_2025,fines_per_client_2026
Кемеровская область,4,692,317,177.0,2036.0,74427.8,65.51,0.45809248554913296,0.25578034682080925
Кемеровская область,5,692,432,214.0,2244.0,82326.8,65.945,0.6242774566473989,0.3092485549132948
Кемеровская область,6,692,446,265.0,2291.0,83287.63,66.46,0.6445086705202312,0.3829479768786127
Кемеровская область,7,692,573,340.0,2247.0,70149.14,67.04499999999999,0.8280346820809249,0.4913294797687861
Кемеровская область,8,692,325,287.0,2146.0,74770.87,67.22,0.46965317919075145,0.4147398843930636
Краснодарский край,4,726,337,360.0,2355.0,92248.91,70.07,0.4641873278236915,0.49586776859504134
Краснодарский край,5,726,391,504.0,2296.0,88582.87,70.37,0.5385674931129476,0.6942148760330579
Краснодарский край,6,726,439,397.0,1770.0,66307.65,70.915,0.6046831955922864,0.546831955922865
Краснодарский край,7,726,513,302.0,1483.0,46842.58,72.08,0.7066115702479339,0.41597796143250687
Краснодарский край,8,726,445,124.0,1002.0,37295.11,72.13,0.6129476584022039,0.17079889807162535
Красноярский край,4,780,433,232.0,1987.0,72772.62,66.01,0.5551282051282052,0.29743589743589743
Красноярский край,5,780,500,261.0,2159.0,77864.95,66.53,0.6410256410256411,0.3346153846153846
Красноярский край,6,780,525,309.0,2107.0,76862.66,67.94999999999999,0.6730769230769231,0.39615384615384613
Красноярский край,7,780,533,295.0,2152.0,67038.09999999999,67.56,0.6833333333333333,0.3782051282051282
Красноярский край,8,780,657,240.0,2307.0,78163.39,67.64,0.8423076923076923,0.3076923076923077
Ленинградская область,4,917,548,502.0,2713.0,104072.31999999999,69.09,0.5976008724100327,0.5474372955288986
Ленинградская область,5,917,741,670.0,2839.0,107089.68,69.39,0.8080697928026173,0.7306434023991276
Ленинградская область,6,917,646,617.0,2456.0,89962.17,69.745,0.7044711014176663,0.6728462377317339
Ленинградская область,7,917,816,582.0,2237.0,69214.61,70.88749999999999,0.8898582333696837,0.6346782988004362
Ленинградская область,8,917,774,453.0,2231.0,76612.99,70.95,0.8440567066521265,0.4940021810250818
Москва,4,5265,7358,3151.0,14686.0,607554.7,70.375,1.3975308641975308,0.5984805318138652
Москва,5,5265,10531,4172.0,16619.0,676483.17,70.745,2.000189933523267,0.7924026590693257
Москва,6,5265,10073,5599.0,12523.0,489096.22,71.24000000000001,1.9132003798670465,1.0634377967711302
Москва,7,5265,10457,5050.0,13452.0,419988.76,72.1,1.9861348528015195,0.9591642924976258
Москва,8,5265,9108,1816.0,12222.0,438419.72,72.47,1.72991452991453,0.3449192782526116
Московская область,4,3520,3734,1923.0,10701.0,423336.74,69.14,1.0607954545454545,0.5463068181818181
Московская область,5,3520,5241,2657.0,11839.0,470499.37,69.59,1.4889204545454546,0.7548295454545455
Московская область,6,3520,5166,2823.0,8881.0,344847.17,70.35,1.4676136363636363,0.8019886363636364
Московская область,7,3520,5417,2692.0,8824.0,274998.19,71.29,1.5389204545454545,0.7647727272727273
Московская область,8,3520,4791,1392.0,7551.0,268992.23,71.85,1.3610795454545455,0.39545454545454545
Нижегородская область,4,1522,447,388.0,4443.0,163712.24,68.26499999999999,0.29369250985545337,0.25492772667542707
Нижегородская область,5,1522,877,553.0,4685.0,171730.42,68.92,0.576215505913272,0.3633377135348226
Нижегородская область,6,1522,849,645.0,3856.0,138826.13999999998,69.24,0.5578186596583443,0.42378449408672797
Нижегородская область,7,1522,762,614.0,2945.0,93090.06999999999,70.045,0.5006570302233903,0.40341655716162944
Нижегородская область,8,1522,1040,524.0,3325.0,117271.52,70.21,0.683311432325887,0.3442838370565046
Новосибирская область,4,1239,404,655.0,3278.0,126374.55,66.31,0.32606941081517354,0.5286521388216303
Новосибирская область,5,1239,649,789.0,3693.0,140416.25,66.7,0.5238095238095238,0.6368038740920097
Новосибирская область,6,1239,757,992.0,3909.0,146191.22,67.0875,0.6109765940274415,0.8006456820016142
Новосибирская область,7,1239,1019,719.0,3206.0,100337.59999999999,68.4425,0.8224374495560937,0.5803066989507667
Новосибирская область,8,1239,802,701.0,4073.0,136620.8,68.4625,0.6472962066182405,0.5657788539144472
Омская область,4,536,194,263.0,1592.0,58478.69,65.08,0.3619402985074627,0.4906716417910448
Омская область,5,536,267,309.0,1681.0,61657.39,65.34,0.498134328358209,0.5764925373134329
Омская область,6,536,549,350.0,1652.0,59039.14,65.68,1.0242537313432836,0.6529850746268657
Омская область,7,536,287,232.0,1535.0,47423.64,66.36,0.5354477611940298,0.43283582089552236
Омская область,8,536,262,203.0,1543.0,53739.63,66.36,0.48880597014925375,0.3787313432835821
Республика Башкортостан,4,301,196,157.0,1028.0,37145.18,65.4,0.6511627906976745,0.521594684385382
Республика Башкортостан,5,301,259,177.0,976.0,34666.68,65.5,0.8604651162790697,0.5880398671096345
Республика Башкортостан,6,301,225,159.0,512.0,18147.46,65.65,0.7475083056478405,0.5282392026578073
Республика Башкортостан,7,301,297,151.0,307.0,10234.4,67.3475,0.9867109634551495,0.5016611295681063
Республика Башкортостан,8,301,174,129.0,276.0,10065.74,67.555,0.5780730897009967,0.42857142857142855
Республика Татарстан,4,1919,1392,916.0,6267.0,223109.87,65.99,0.7253778009379885,0.4773319437206879
Республика Татарстан,5,1919,1531,1493.0,6828.0,245231.81,66.2,0.7978113600833767,0.778009379885357
Республика Татарстан,6,1919,1575,1073.0,5545.0,193363.16,66.41499999999999,0.8207399687337155,0.5591453882230328
Республика Татарстан,7,1919,1676,1157.0,3430.0,111656.53,67.86,0.8733715476810839,0.6029181865554977
Республика Татарстан,8,1919,1623,1125.0,2973.0,110202.89,68.14,0.8457529963522668,0.5862428348097968
Самарская область,4,540,143,251.0,1773.0,64982.82,66.41999999999999,0.26481481481481484,0.4648148148148148
Самарская область,5,540,259,338.0,1962.0,70803.58,66.49,0.47962962962962963,0.6259259259259259
Самарская область,6,540,313,287.0,1178.0,42606.65,66.8,0.5796296296296296,0.5314814814814814
Самарская область,7,540,388,340.0,711.0,23383.73,67.45,0.7185185185185186,0.6296296296296297
Самарская область,8,540,369,247.0,695.0,24750.88,84.85,0.6833333333333333,0.45740740740740743
Санкт-Петербург,4,3187,2002,1514.0,8937.0,352411.36,69.34,0.6281769689363037,0.47505491057420773
Санкт-Петербург,5,3187,2470,2214.0,8898.0,346373.02,69.67750000000001,0.7750235331032319,0.6946972074050831
Санкт-Петербург,6,3187,2566,2101.0,8649.0,324150.72,70.045,0.8051459052400377,0.6592406652023847
Санкт-Петербург,7,3187,3209,1948.0,7753.0,239104.09,70.9,1.0069030436146846,0.6112331346093505
Санкт-Петербург,8,3187,3071,1652.0,8555.0,305515.23,70.99,0.9636021336680264,0.518355820520866
Свердловская область,4,2580,1554,865.0,7270.0,255981.6,67.21,0.6023255813953489,0.33527131782945735
Свердловская область,5,2580,2114,1254.0,7650.0,266873.11,67.67,0.8193798449612403,0.48604651162790696
Свердловская область,6,2580,2142,1197.0,7064.0,249777.85,68.045,0.8302325581395349,0.46395348837209305
Свердловская область,7,2580,2115,1351.0,7147.0,223491.82,68.68,0.8197674418604651,0.5236434108527132
Свердловская область,8,2580,1471,1240.0,7368.0,257833.63,68.98,0.5701550387596899,0.4806201550387597
Тюменская область,4,490,233,246.0,1329.0,49260.56,67.4,0.47551020408163264,0.5020408163265306
Тюменская область,5,490,201,279.0,1456.0,53450.81,67.98,0.41020408163265304,0.5693877551020409
Тюменская область,6,490,280,267.0,1390.0,49172.44,68.4325,0.5714285714285714,0.5448979591836735
Тюменская область,7,490,512,223.0,1098.0,34789.77,68.95,1.0448979591836736,0.45510204081632655
Тюменская область,8,490,215,146.0,1183.0,41068.03,69.35999999999999,0.4387755102040816,0.2979591836734694
Челябинская область,4,1461,642,422.0,4404.0,151197.66,65.1525,0.4394250513347023,0.2888432580424367
Челябинская область,5,1461,550,433.0,4735.0,164317.68,65.5,0.37645448323066394,0.29637234770704995
Челябинская область,6,1461,495,484.0,4438.0,151354.96,66.02,0.33880903490759756,0.33127994524298426
Челябинская область,7,1461,704,424.0,3735.0,117597.52,66.63,0.48186173853524983,0.29021218343600275
Челябинская область,8,1461,711,356.0,3224.0,111360.78,67.20250000000001,0.486652977412731,0.243668720054757
